# BUSCO version is: 5.4.6 
# The lineage dataset is: eukaryota_odb10 (Creation date: 2020-09-10, number of genomes: 70, number of BUSCOs: 255)
# Busco id	Status	Sequence	Score	Length
39650at2759	Complete	DkoeA00001355-RA	2122.3	1445
83779at2759	Complete	DkoeA00008772-RA	215.5	229
87842at2759	Complete	DkoeA00017434-RA	437.8	604
97116at2759	Complete	DkoeA00011314-RA	1267.8	955
100698at2759	Complete	DkoeA00000154-RA	855.7	498
142542at2759	Complete	DkoeA00011336-RA	731.1	659
156083at2759	Missing
160593at2759	Complete	DkoeA00017992-RA	1649.5	1327
166920at2759	Complete	DkoeA00006511-RA	579.2	755
176625at2759	Complete	DkoeA00010097-RA	256.2	446
179362at2759	Complete	DkoeA00007951-RA	621.2	1436
245208at2759	Complete	DkoeA00011979-RA	1542.7	878
257318at2759	Complete	DkoeA00006338-RA	279.8	312
261328at2759	Complete	DkoeA00007918-RA	433.8	435
261419at2759	Complete	DkoeA00000236-RA	351.8	509
270107at2759	Complete	DkoeA00007713-RA	480.8	723
271586at2759	Complete	DkoeA00006240-RA	242.8	380
290630at2759	Complete	DkoeA00006252-RA	675.6	710
293315at2759	Complete	DkoeA00001026-RA	628.3	591
296129at2759	Complete	DkoeA00005962-RA	996.2	697
299766at2759	Complete	DkoeA00011330-RA	455.4	468
306227at2759	Complete	DkoeA00008379-RA	496.3	502
320059at2759	Complete	DkoeA00013328-RA	895.6	451
324863at2759	Missing
325552at2759	Complete	DkoeA00000219-RA	487.9	526
330169at2759	Complete	DkoeA00009301-RA	261.0	273
331411at2759	Complete	DkoeA00005733-RA	435.0	400
341721at2759	Complete	DkoeA00010209-RA	290.3	412
345441at2759	Complete	DkoeA00011256-RA	457.6	380
355408at2759	Complete	DkoeA00012788-RA	795.4	545
369837at2759	Complete	DkoeA00018213-RA	275.6	432
375960at2759	Complete	DkoeA00009015-RA	292.1	365
383503at2759	Complete	DkoeA00013116-RA	362.1	421
388820at2759	Complete	DkoeA00014614-RA	570.7	640
390348at2759	Duplicated	DkoeA00001852-RA	1207.6	736
390348at2759	Duplicated	DkoeA00001864-RA	1207.6	736
390348at2759	Duplicated	DkoeA00002770-RA	1096.0	708
390348at2759	Duplicated	DkoeA00003918-RA	1073.0	746
390348at2759	Duplicated	DkoeA00016214-RA	1069.7	732
392369at2759	Duplicated	DkoeA00011935-RA	378.5	380
392369at2759	Duplicated	DkoeA00002182-RA	359.6	336
396755at2759	Complete	DkoeA00011274-RA	578.3	651
418107at2759	Complete	DkoeA00012313-RA	471.0	348
426305at2759	Complete	DkoeA00007773-RA	537.9	482
450058at2759	Complete	DkoeA00001110-RA	223.2	285
453044at2759	Complete	DkoeA00012105-RA	342.7	314
457861at2759	Complete	DkoeA00010859-RA	99.3	150
464990at2759	Complete	DkoeA00000626-RA	338.6	343
491869at2759	Complete	DkoeA00017202-RA	247.7	258
513979at2759	Complete	DkoeA00011453-RA	151.1	195
543764at2759	Complete	DkoeA00011658-RA	202.5	226
549762at2759	Complete	DkoeA00008028-RA	492.1	444
551907at2759	Complete	DkoeA00010532-RA	258.5	366
570797at2759	Complete	DkoeA00006324-RA	549.9	501
582756at2759	Complete	DkoeA00017734-RA	282.1	360
598949at2759	Complete	DkoeA00018098-RA	434.4	362
604979at2759	Complete	DkoeA00016779-RA	459.4	283
621827at2759	Complete	DkoeA00012782-RA	315.0	347
625387at2759	Complete	DkoeA00000719-RA	304.8	352
655400at2759	Complete	DkoeA00011925-RA	270.6	286
664730at2759	Complete	DkoeA00005410-RA	643.7	343
671536at2759	Complete	DkoeA00009298-RA	525.7	369
671846at2759	Complete	DkoeA00005230-RA	226.1	415
673132at2759	Complete	DkoeA00005238-RA	298.5	273
674160at2759	Complete	DkoeA00007714-RA	614.7	1248
674169at2759	Complete	DkoeA00001311-RA	154.1	287
679187at2759	Complete	DkoeA00004432-RA	365.2	423
679771at2759	Complete	DkoeA00013429-RA	150.0	184
687505at2759	Complete	DkoeA00011994-RA	216.0	217
692986at2759	Complete	DkoeA00013197-RA	328.0	430
708105at2759	Complete	DkoeA00009522-RA	148.2	213
719531at2759	Complete	DkoeA00007442-RA	387.9	294
720340at2759	Complete	DkoeA00015720-RA	194.2	257
721605at2759	Complete	DkoeA00000116-RA	315.3	245
722805at2759	Complete	DkoeA00010316-RA	339.8	401
734341at2759	Complete	DkoeA00017602-RA	131.8	173
734666at2759	Complete	DkoeA00008813-RA	491.4	371
736068at2759	Complete	DkoeA00007329-RA	290.1	316
751335at2759	Complete	DkoeA00011873-RA	284.4	289
759498at2759	Complete	DkoeA00004649-RA	571.3	419
761109at2759	Complete	DkoeA00013344-RA	345.0	358
768809at2759	Complete	DkoeA00000828-RA	258.3	254
774318at2759	Complete	DkoeA00016710-RA	317.5	279
777920at2759	Complete	DkoeA00012598-RA	410.2	346
779909at2759	Complete	DkoeA00010714-RA	232.0	227
801857at2759	Complete	DkoeA00010798-RA	247.7	221
814241at2759	Complete	DkoeA00013916-RA	327.7	319
817008at2759	Complete	DkoeA00017228-RA	487.0	296
834694at2759	Complete	DkoeA00011717-RA	416.5	372
836599at2759	Complete	DkoeA00015617-RA	422.6	315
844748at2759	Missing
855834at2759	Complete	DkoeA00010312-RA	192.8	330
858842at2759	Complete	DkoeA00004626-RA	238.3	322
865202at2759	Complete	DkoeA00012456-RA	210.3	203
866359at2759	Complete	DkoeA00014728-RA	379.7	257
869548at2759	Complete	DkoeA00001140-RA	229.3	193
878143at2759	Duplicated	DkoeA00015271-RA	232.9	274
878143at2759	Duplicated	DkoeA00011103-RA	202.8	276
887370at2759	Complete	DkoeA00018155-RA	330.8	347
891751at2759	Complete	DkoeA00012086-RA	237.4	253
898782at2759	Duplicated	DkoeA00001588-RA	290.8	282
898782at2759	Duplicated	DkoeA00003548-RA	257.1	271
898782at2759	Duplicated	DkoeA00014926-RA	250.6	273
901894at2759	Complete	DkoeA00007376-RA	313.7	334
905026at2759	Complete	DkoeA00001345-RA	357.0	390
911863at2759	Complete	DkoeA00000169-RA	236.7	210
917326at2759	Complete	DkoeA00014766-RA	468.1	439
918816at2759	Complete	DkoeA00007834-RA	171.7	225
919955at2759	Complete	DkoeA00001789-RA	268.0	260
923657at2759	Complete	DkoeA00011416-RA	162.8	173
924753at2759	Complete	DkoeA00004519-RA	202.9	213
931188at2759	Complete	DkoeA00017676-RA	490.0	342
937275at2759	Complete	DkoeA00004418-RA	70.8	87
937686at2759	Complete	DkoeA00009523-RA	401.3	340
939345at2759	Complete	DkoeA00012698-RA	118.4	120
944899at2759	Complete	DkoeA00011953-RA	372.8	240
946128at2759	Complete	DkoeA00006929-RA	497.3	467
956854at2759	Complete	DkoeA00014216-RA	187.8	178
973442at2759	Complete	DkoeA00011050-RA	148.6	196
974865at2759	Missing
975158at2759	Complete	DkoeA00012830-RA	234.4	278
975557at2759	Complete	DkoeA00016165-RA	580.9	577
976469at2759	Complete	DkoeA00014779-RA	203.2	236
981902at2759	Complete	DkoeA00015787-RA	196.1	228
996662at2759	Complete	DkoeA00000418-RA	190.7	189
1001705at2759	Complete	DkoeA00000089-RA	293.5	269
1003258at2759	Missing
1010730at2759	Complete	DkoeA00013144-RA	413.5	261
1014314at2759	Complete	DkoeA00012486-RA	242.2	214
1018517at2759	Complete	DkoeA00011556-RA	303.0	209
1019762at2759	Complete	DkoeA00000173-RA	338.6	368
1025450at2759	Complete	DkoeA00015815-RA	238.5	297
1030907at2759	Complete	DkoeA00001209-RA	300.0	280
1032689at2759	Duplicated	DkoeA00010160-RA	183.4	148
1032689at2759	Duplicated	DkoeA00013380-RA	183.4	148
1038775at2759	Complete	DkoeA00018180-RA	180.4	203
1041560at2759	Missing
1049599at2759	Missing
1051021at2759	Complete	DkoeA00015757-RA	341.9	321
1053181at2759	Complete	DkoeA00001058-RA	29.7	158
1057950at2759	Complete	DkoeA00008504-RA	305.4	227
1065019at2759	Complete	DkoeA00004839-RA	315.0	250
1076134at2759	Complete	DkoeA00010961-RA	272.5	185
1079130at2759	Complete	DkoeA00011837-RA	351.6	255
1079827at2759	Complete	DkoeA00008264-RA	364.6	223
1085752at2759	Missing
1087488at2759	Missing
1090038at2759	Complete	DkoeA00013443-RA	170.2	134
1094121at2759	Complete	DkoeA00006434-RA	121.7	130
1096688at2759	Complete	DkoeA00006010-RA	323.0	210
1106766at2759	Duplicated	DkoeA00001816-RA	189.6	208
1106766at2759	Duplicated	DkoeA00001898-RA	189.6	208
1107630at2759	Complete	DkoeA00013207-RA	290.2	209
1108845at2759	Complete	DkoeA00010266-RA	506.1	330
1111142at2759	Complete	DkoeA00011781-RA	259.3	262
1112002at2759	Complete	DkoeA00006376-RA	372.5	550
1115196at2759	Complete	DkoeA00011102-RA	382.9	306
1128607at2759	Duplicated	DkoeA00011215-RA	365.3	251
1128607at2759	Duplicated	DkoeA00002554-RA	336.2	246
1128607at2759	Duplicated	DkoeA00015260-RA	314.8	243
1129824at2759	Complete	DkoeA00002169-RA	84.0	129
1138059at2759	Complete	DkoeA00001033-RA	313.7	208
1157302at2759	Complete	DkoeA00011189-RA	368.8	203
1161199at2759	Complete	DkoeA00009671-RA	110.2	135
1173229at2759	Missing
1178688at2759	Complete	DkoeA00010119-RA	124.4	174
1182451at2759	Complete	DkoeA00008818-RA	139.0	166
1193442at2759	Complete	DkoeA00005470-RA	341.3	290
1194691at2759	Complete	DkoeA00012463-RA	386.0	275
1194797at2759	Complete	DkoeA00006553-RA	458.5	420
1197019at2759	Complete	DkoeA00009020-RA	101.0	130
1200489at2759	Complete	DkoeA00011699-RA	104.7	136
1217666at2759	Duplicated	DkoeA00004464-RA	223.2	227
1217666at2759	Duplicated	DkoeA00011428-RA	223.2	227
1220881at2759	Complete	DkoeA00013290-RA	134.1	148
1222562at2759	Complete	DkoeA00010115-RA	165.0	115
1223488at2759	Complete	DkoeA00004956-RA	76.0	112
1228942at2759	Complete	DkoeA00001130-RA	184.9	162
1233814at2759	Complete	DkoeA00013289-RA	229.9	154
1236198at2759	Duplicated	DkoeA00011209-RA	204.9	125
1236198at2759	Duplicated	DkoeA00017278-RA	203.1	125
1247641at2759	Complete	DkoeA00016972-RA	149.0	183
1248958at2759	Complete	DkoeA00005401-RA	657.2	615
1249159at2759	Complete	DkoeA00007357-RA	156.6	154
1251252at2759	Complete	DkoeA00001950-RA	93.2	82
1257440at2759	Complete	DkoeA00012734-RA	171.5	122
1258856at2759	Complete	DkoeA00017227-RA	526.2	592
1259741at2759	Complete	DkoeA00008920-RA	393.7	215
1260807at2759	Duplicated	DkoeA00004113-RA	114.0	173
1260807at2759	Duplicated	DkoeA00015409-RA	110.0	207
1264469at2759	Duplicated	DkoeA00009160-RA	176.7	152
1264469at2759	Duplicated	DkoeA00005023-RA	176.4	152
1266231at2759	Complete	DkoeA00017842-RA	282.7	188
1269244at2759	Complete	DkoeA00001573-RA	72.7	154
1269649at2759	Complete	DkoeA00008819-RA	279.8	166
1275837at2759	Complete	DkoeA00013934-RA	406.8	243
1284731at2759	Complete	DkoeA00009702-RA	102.3	115
1287094at2759	Complete	DkoeA00009819-RA	161.9	145
1287401at2759	Complete	DkoeA00004112-RA	114.3	151
1291729at2759	Complete	DkoeA00016734-RA	63.5	105
1304061at2759	Complete	DkoeA00008847-RA	177.8	152
1309031at2759	Complete	DkoeA00006024-RA	308.3	330
1312453at2759	Complete	DkoeA00015661-RA	639.0	694
1314980at2759	Complete	DkoeA00001765-RA	546.0	509
1322299at2759	Complete	DkoeA00000456-RA	388.0	377
1322642at2759	Complete	DkoeA00015624-RA	184.2	157
1323575at2759	Duplicated	DkoeA00006054-RA	169.7	113
1323575at2759	Duplicated	DkoeA00016664-RA	157.8	112
1324510at2759	Complete	DkoeA00007922-RA	297.4	287
1338131at2759	Complete	DkoeA00008074-RA	255.3	140
1339553at2759	Complete	DkoeA00008283-RA	232.5	270
1342242at2759	Complete	DkoeA00011541-RA	175.9	182
1346165at2759	Complete	DkoeA00007403-RA	330.6	299
1346432at2759	Complete	DkoeA00005963-RA	109.5	177
1348942at2759	Complete	DkoeA00011744-RA	121.9	157
1355894at2759	Complete	DkoeA00008692-RA	207.8	141
1358374at2759	Complete	DkoeA00006432-RA	269.2	203
1364586at2759	Complete	DkoeA00009699-RA	111.5	156
1370285at2759	Complete	DkoeA00007044-RA	304.9	260
1370304at2759	Complete	DkoeA00006912-RA	297.1	511
1377237at2759	Complete	DkoeA00008830-RA	145.9	138
1379600at2759	Complete	DkoeA00013311-RA	453.3	503
1380409at2759	Complete	DkoeA00005720-RA	190.5	155
1382842at2759	Complete	DkoeA00013313-RA	128.6	120
1395649at2759	Fragmented	DkoeA00000900-RA	13.5	59
1398309at2759	Complete	DkoeA00011081-RA	84.3	107
1404162at2759	Complete	DkoeA00012470-RA	201.9	190
1405073at2759	Complete	DkoeA00012993-RA	224.5	158
1405146at2759	Complete	DkoeA00004511-RA	133.1	135
1407446at2759	Complete	DkoeA00004614-RA	62.7	102
1421503at2759	Complete	DkoeA00014158-RA	198.1	111
1423847at2759	Complete	DkoeA00010846-RA	257.7	277
1426075at2759	Complete	DkoeA00017702-RA	102.8	96
1428265at2759	Fragmented	DkoeA00011417-RA	116.7	112
1428854at2759	Complete	DkoeA00009579-RA	447.1	530
1430056at2759	Complete	DkoeA00000347-RA	111.6	133
1432328at2759	Complete	DkoeA00015742-RA	272.3	170
1434266at2759	Complete	DkoeA00013383-RA	127.4	134
1440961at2759	Complete	DkoeA00010930-RA	84.2	175
1441854at2759	Missing
1442062at2759	Complete	DkoeA00012631-RA	133.6	214
1445102at2759	Complete	DkoeA00008333-RA	287.9	191
1450538at2759	Complete	DkoeA00014318-RA	174.4	155
1454155at2759	Complete	DkoeA00004569-RA	80.3	127
1455730at2759	Complete	DkoeA00017746-RA	463.5	353
1459797at2759	Complete	DkoeA00000008-RA	67.4	96
1474000at2759	Complete	DkoeA00008194-RA	111.8	166
1479417at2759	Complete	DkoeA00008693-RA	300.9	176
1488235at2759	Complete	DkoeA00004638-RA	167.4	139
1488436at2759	Missing
1490022at2759	Complete	DkoeA00010739-RA	220.9	168
1504863at2759	Complete	DkoeA00009758-RA	176.9	147
1513531at2759	Complete	DkoeA00008411-RA	288.5	207
1525971at2759	Duplicated	DkoeA00005053-RA	107.7	79
1525971at2759	Duplicated	DkoeA00009188-RA	107.7	79
1526152at2759	Complete	DkoeA00009806-RA	106.8	85
1530008at2759	Complete	DkoeA00014606-RA	122.0	88
1538526at2759	Complete	DkoeA00015825-RA	134.4	104
1545004at2759	Complete	DkoeA00007328-RA	111.4	72
1552706at2759	Complete	DkoeA00011398-RA	104.9	92
1558822at2759	Complete	DkoeA00007208-RA	118.5	66
1563319at2759	Complete	DkoeA00017240-RA	115.6	136
1567796at2759	Complete	DkoeA00009432-RA	145.0	132
1575179at2759	Complete	DkoeA00011871-RA	49.0	57
1576404at2759	Complete	DkoeA00018001-RA	137.6	172
1588798at2759	Complete	DkoeA00016054-RA	111.5	97
1593937at2759	Complete	DkoeA00004883-RA	108.2	186
1617752at2759	Complete	DkoeA00004727-RA	139.5	93
1620056at2759	Complete	DkoeA00009829-RA	72.8	81
1623701at2759	Complete	DkoeA00000832-RA	133.0	90
1626636at2759	Complete	DkoeA00014286-RA	119.4	147
1633672at2759	Fragmented	DkoeA00001983-RA	117.8	68
1645187at2759	Complete	DkoeA00007160-RA	49.5	54
