# BUSCO version is: 5.4.6 
# The lineage dataset is: eukaryota_odb10 (Creation date: 2020-09-10, number of genomes: 70, number of BUSCOs: 255)
# Busco id	Status	Sequence	Score	Length
39650at2759	Complete	Dato01203-RA	2126.1	1445
83779at2759	Complete	Dato07516-RA	164.3	179
87842at2759	Complete	Dato07917-RA	439.0	605
97116at2759	Complete	Dato03973-RA	1233.3	955
100698at2759	Complete	Dato06261-RA	855.9	498
142542at2759	Complete	Dato03951-RA	727.3	655
156083at2759	Complete	Dato14812-RA	3787.0	1943
160593at2759	Missing
166920at2759	Complete	Dato05914-RA	454.6	634
176625at2759	Complete	Dato02344-RA	251.8	446
179362at2759	Complete	Dato12906-RA	621.2	1347
245208at2759	Missing
257318at2759	Complete	Dato05731-RA	280.2	312
261328at2759	Complete	Dato12872-RA	421.1	435
261419at2759	Complete	Dato06345-RA	352.2	452
270107at2759	Duplicated	Dato06803-RA	278.0	530
270107at2759	Duplicated	Dato02560-RA	253.9	593
271586at2759	Complete	Dato05630-RA	241.8	416
290630at2759	Complete	Dato05643-RA	668.6	546
293315at2759	Complete	Dato01956-RA	631.2	590
296129at2759	Complete	Dato15811-RA	995.9	697
299766at2759	Complete	Dato03956-RA	454.6	457
306227at2759	Complete	Dato00029-RA	496.6	501
320059at2759	Complete	Dato14213-RA	893.5	451
324863at2759	Complete	Dato07771-RA	612.0	563
325552at2759	Missing
330169at2759	Complete	Dato01912-RA	350.0	337
331411at2759	Complete	Dato14719-RA	435.0	400
341721at2759	Complete	Dato02443-RA	283.2	440
345441at2759	Complete	Dato04030-RA	458.2	380
355408at2759	Complete	Dato15169-RA	794.7	545
369837at2759	Complete	Dato16838-RA	272.4	432
375960at2759	Complete	Dato04392-RA	291.5	363
383503at2759	Missing
388820at2759	Complete	Dato00289-RA	570.6	639
390348at2759	Duplicated	Dato02680-RA	1206.9	762
390348at2759	Duplicated	Dato08174-RA	1079.4	734
390348at2759	Duplicated	Dato11147-RA	1068.8	725
392369at2759	Duplicated	Dato13750-RA	377.3	380
392369at2759	Duplicated	Dato10848-RA	370.6	337
392369at2759	Duplicated	Dato08358-RA	362.2	337
396755at2759	Complete	Dato04014-RA	578.1	651
418107at2759	Complete	Dato04084-RA	454.2	345
426305at2759	Complete	Dato12724-RA	530.9	482
450058at2759	Complete	Dato02029-RA	229.3	279
453044at2759	Missing
457861at2759	Complete	Dato17655-RA	89.9	125
464990at2759	Complete	Dato04796-RA	338.9	344
491869at2759	Complete	Dato02929-RA	247.1	258
513979at2759	Complete	Dato00787-RA	150.5	195
543764at2759	Complete	Dato14028-RA	202.3	226
549762at2759	Complete	Dato15737-RA	489.8	445
551907at2759	Complete	Dato04239-RA	222.0	296
570797at2759	Complete	Dato05715-RA	549.1	492
582756at2759	Complete	Dato16536-RA	283.5	372
598949at2759	Complete	Dato16653-RA	463.3	406
604979at2759	Complete	Dato03033-RA	459.4	283
621827at2759	Complete	Dato15174-RA	317.2	346
625387at2759	Complete	Dato04723-RA	305.7	352
655400at2759	Complete	Dato16590-RA	270.5	282
664730at2759	Complete	Dato14622-RA	644.4	343
671536at2759	Complete	Dato01914-RA	526.2	411
671846at2759	Complete	Dato10648-RA	228.3	414
673132at2759	Complete	Dato10658-RA	298.7	273
674160at2759	Complete	Dato06802-RA	624.7	1261
674169at2759	Complete	Dato01163-RA	165.5	287
679187at2759	Complete	Dato07816-RA	366.3	423
679771at2759	Complete	Dato05516-RA	150.0	184
687505at2759	Complete	Dato14489-RA	217.0	217
692986at2759	Complete	Dato12206-RA	326.2	429
708105at2759	Complete	Dato02188-RA	159.1	214
719531at2759	Complete	Dato07079-RA	387.1	293
720340at2759	Complete	Dato02098-RA	193.3	259
721605at2759	Complete	Dato04567-RA	314.7	245
722805at2759	Complete	Dato15327-RA	342.4	401
734341at2759	Complete	Dato16860-RA	131.8	173
734666at2759	Complete	Dato07478-RA	491.7	371
736068at2759	Complete	Dato03549-RA	291.7	316
751335at2759	Complete	Dato14592-RA	285.2	288
759498at2759	Complete	Dato05249-RA	571.9	419
761109at2759	Complete	Dato15003-RA	344.7	358
768809at2759	Complete	Dato04627-RA	258.6	254
774318at2759	Complete	Dato12674-RA	317.6	280
777920at2759	Complete	Dato15117-RA	410.2	346
779909at2759	Complete	Dato16471-RA	232.0	227
801857at2759	Complete	Dato14692-RA	247.4	221
814241at2759	Complete	Dato13867-RA	326.9	319
817008at2759	Complete	Dato00742-RA	486.3	296
834694at2759	Complete	Dato14088-RA	399.3	374
836599at2759	Complete	Dato15079-RA	420.9	314
844748at2759	Complete	Dato06034-RA	298.4	388
855834at2759	Complete	Dato15332-RA	192.0	306
858842at2759	Complete	Dato05226-RA	239.5	290
865202at2759	Complete	Dato00096-RA	210.3	203
866359at2759	Complete	Dato12468-RA	373.8	257
869548at2759	Complete	Dato00998-RA	230.5	193
878143at2759	Complete	Dato07163-RA	391.8	303
887370at2759	Missing
891751at2759	Missing
898782at2759	Duplicated	Dato01425-RA	309.0	277
898782at2759	Duplicated	Dato11245-RA	282.5	277
901894at2759	Complete	Dato03597-RA	313.6	335
905026at2759	Complete	Dato01195-RA	356.0	390
911863at2759	Complete	Dato06276-RA	236.3	210
917326at2759	Complete	Dato12507-RA	468.1	439
918816at2759	Complete	Dato12789-RA	171.7	225
919955at2759	Complete	Dato01610-RA	265.5	260
923657at2759	Complete	Dato03867-RA	162.8	173
924753at2759	Complete	Dato00269-RA	202.1	214
931188at2759	Complete	Dato15788-RA	490.0	341
937275at2759	Complete	Dato07801-RA	72.0	87
937686at2759	Complete	Dato02187-RA	400.9	340
939345at2759	Complete	Dato15592-RA	118.5	125
944899at2759	Complete	Dato13731-RA	373.5	240
946128at2759	Fragmented	Dato04989-RA	220.5	271
956854at2759	Complete	Dato03005-RA	187.7	178
973442at2759	Complete	Dato07107-RA	148.8	197
974865at2759	Complete	Dato01754-RA	227.8	227
975158at2759	Complete	Dato14830-RA	239.6	276
975557at2759	Complete	Dato03120-RA	582.4	579
976469at2759	Complete	Dato12522-RA	203.2	236
981902at2759	Complete	Dato06098-RA	195.4	228
996662at2759	Complete	Dato06529-RA	190.5	172
1001705at2759	Complete	Dato04540-RA	293.8	269
1003258at2759	Complete	Dato13864-RA	216.5	282
1010730at2759	Complete	Dato02906-RA	371.3	239
1014314at2759	Complete	Dato00123-RA	242.2	214
1018517at2759	Complete	Dato00902-RA	303.0	209
1019762at2759	Complete	Dato06280-RA	341.1	367
1025450at2759	Complete	Dato06075-RA	241.9	298
1030907at2759	Complete	Dato01069-RA	297.8	280
1032689at2759	Complete	Dato02401-RA	183.4	148
1038775at2759	Complete	Dato17665-RA	112.4	187
1041560at2759	Complete	Dato02714-RA	254.7	313
1049599at2759	Complete	Dato13628-RA	387.6	372
1051021at2759	Complete	Dato14395-RA	342.0	321
1053181at2759	Complete	Dato01985-RA	32.0	184
1057950at2759	Complete	Dato00490-RA	304.9	227
1065019at2759	Complete	Dato05430-RA	316.5	250
1076134at2759	Complete	Dato12336-RA	270.8	185
1079130at2759	Complete	Dato15535-RA	351.0	255
1079827at2759	Complete	Dato11954-RA	363.1	223
1085752at2759	Missing
1087488at2759	Complete	Dato00225-RA	243.7	309
1090038at2759	Complete	Dato05502-RA	170.6	134
1094121at2759	Complete	Dato05829-RA	120.1	130
1096688at2759	Complete	Dato17057-RA	322.9	210
1106766at2759	Complete	Dato02649-RA	189.6	208
1107630at2759	Complete	Dato12196-RA	278.7	209
1108845at2759	Complete	Dato14525-RA	506.1	330
1111142at2759	Complete	Dato12060-RA	256.7	262
1112002at2759	Complete	Dato05772-RA	372.3	550
1115196at2759	Complete	Dato07162-RA	383.7	306
1128607at2759	Duplicated	Dato07280-RA	365.2	251
1128607at2759	Duplicated	Dato10937-RA	326.7	246
1129824at2759	Complete	Dato03375-RA	123.2	130
1138059at2759	Complete	Dato01959-RA	314.0	208
1157302at2759	Complete	Dato07255-RA	347.5	192
1161199at2759	Complete	Dato16114-RA	107.0	135
1173229at2759	Missing
1178688at2759	Complete	Dato02365-RA	128.9	174
1182451at2759	Complete	Dato07471-RA	137.5	189
1193442at2759	Complete	Dato07417-RA	339.0	269
1194691at2759	Complete	Dato00102-RA	385.9	275
1194797at2759	Missing
1197019at2759	Complete	Dato04391-RA	158.7	157
1200489at2759	Complete	Dato14072-RA	103.2	128
1217666at2759	Complete	Dato03855-RA	232.0	177
1220881at2759	Complete	Dato14178-RA	134.6	148
1222562at2759	Missing
1223488at2759	Complete	Dato03670-RA	75.2	110
1228942at2759	Complete	Dato02046-RA	181.7	162
1233814at2759	Complete	Dato14177-RA	229.9	154
1236198at2759	Duplicated	Dato07274-RA	204.9	125
1236198at2759	Duplicated	Dato16499-RA	203.1	125
1247641at2759	Missing
1248958at2759	Complete	Dato14633-RA	655.2	615
1249159at2759	Complete	Dato03579-RA	155.1	154
1251252at2759	Complete	Dato01927-RA	93.0	82
1257440at2759	Complete	Dato16368-RA	171.5	122
1258856at2759	Complete	Dato00743-RA	525.0	593
1259741at2759	Complete	Dato14128-RA	394.3	215
1260807at2759	Complete	Dato16435-RA	277.8	221
1264469at2759	Missing
1266231at2759	Missing
1269244at2759	Complete	Dato01410-RA	88.1	127
1269649at2759	Complete	Dato07470-RA	278.6	166
1275837at2759	Complete	Dato13886-RA	406.8	243
1284731at2759	Complete	Dato13844-RA	102.3	115
1287094at2759	Complete	Dato12748-RA	55.0	119
1287401at2759	Complete	Dato16588-RA	257.6	162
1291729at2759	Complete	Dato13917-RA	64.2	105
1304061at2759	Complete	Dato07442-RA	177.8	135
1309031at2759	Complete	Dato16265-RA	307.9	345
1312453at2759	Complete	Dato00993-RA	633.6	663
1314980at2759	Complete	Dato01585-RA	544.3	509
1322299at2759	Complete	Dato06567-RA	388.5	377
1322642at2759	Complete	Dato15086-RA	177.6	155
1323575at2759	Duplicated	Dato15356-RA	169.3	113
1323575at2759	Duplicated	Dato03096-RA	157.8	112
1324510at2759	Complete	Dato12875-RA	296.7	294
1338131at2759	Complete	Dato10467-RA	207.4	140
1339553at2759	Complete	Dato11974-RA	232.4	266
1342242at2759	Complete	Dato00886-RA	176.7	183
1346165at2759	Complete	Dato03627-RA	330.6	299
1346432at2759	Complete	Dato15810-RA	108.8	173
1348942at2759	Complete	Dato12093-RA	119.3	158
1355894at2759	Complete	Dato07591-RA	207.8	141
1358374at2759	Complete	Dato05827-RA	269.5	203
1364586at2759	Complete	Dato13841-RA	110.6	154
1370285at2759	Complete	Dato05111-RA	304.4	260
1370304at2759	Complete	Dato04969-RA	296.7	497
1377237at2759	Complete	Dato07458-RA	146.1	138
1379600at2759	Complete	Dato14199-RA	451.3	503
1380409at2759	Complete	Dato15693-RA	191.5	161
1382842at2759	Complete	Dato14201-RA	128.5	120
1395649at2759	Complete	Dato17395-RA	93.5	130
1398309at2759	Complete	Dato07141-RA	83.5	107
1404162at2759	Complete	Dato00110-RA	202.2	190
1405073at2759	Complete	Dato02760-RA	224.5	158
1405146at2759	Complete	Dato00258-RA	132.7	135
1407446at2759	Complete	Dato05212-RA	62.7	103
1421503at2759	Complete	Dato02952-RA	198.1	111
1423847at2759	Complete	Dato16216-RA	272.3	274
1426075at2759	Complete	Dato03060-RA	102.8	96
1428265at2759	Complete	Dato03866-RA	201.2	216
1428854at2759	Complete	Dato07666-RA	447.3	535
1430056at2759	Complete	Dato06459-RA	111.3	133
1432328at2759	Complete	Dato14410-RA	239.3	153
1434266at2759	Complete	Dato02398-RA	130.7	134
1440961at2759	Complete	Dato02565-RA	82.4	175
1441854at2759	Complete	Dato01123-RA	249.5	211
1442062at2759	Complete	Dato14257-RA	130.9	209
1445102at2759	Complete	Dato12026-RA	289.6	191
1450538at2759	Complete	Dato03207-RA	176.7	155
1454155at2759	Complete	Dato05167-RA	80.3	127
1455730at2759	Complete	Dato16548-RA	463.5	353
1459797at2759	Complete	Dato04466-RA	67.4	96
1474000at2759	Complete	Dato11884-RA	107.2	197
1479417at2759	Complete	Dato07589-RA	300.9	176
1488235at2759	Complete	Dato05238-RA	168.0	139
1488436at2759	Complete	Dato02048-RA	125.7	62
1490022at2759	Complete	Dato15194-RA	220.8	168
1504863at2759	Complete	Dato10422-RA	176.9	147
1513531at2759	Complete	Dato00396-RA	287.8	207
1525971at2759	Complete	Dato03760-RA	107.7	79
1526152at2759	Complete	Dato13800-RA	106.8	85
1530008at2759	Complete	Dato14347-RA	121.8	88
1538526at2759	Complete	Dato06064-RA	134.4	104
1545004at2759	Complete	Dato03548-RA	111.4	72
1552706at2759	Missing
1558822at2759	Complete	Dato03426-RA	118.5	66
1563319at2759	Complete	Dato00730-RA	116.2	136
1567796at2759	Complete	Dato02267-RA	144.4	132
1575179at2759	Complete	Dato14594-RA	49.0	57
1576404at2759	Complete	Dato16872-RA	136.6	170
1588798at2759	Complete	Dato16514-RA	110.6	98
1593937at2759	Complete	Dato05474-RA	107.9	186
1617752at2759	Complete	Dato05321-RA	138.7	93
1620056at2759	Complete	Dato16906-RA	73.0	81
1623701at2759	Complete	Dato04623-RA	133.4	90
1626636at2759	Complete	Dato03243-RA	63.1	124
1633672at2759	Fragmented	Dato02505-RA	119.4	68
1645187at2759	Complete	Dato03378-RA	49.5	54
