# BUSCO version is: 5.4.6 
# The lineage dataset is: eukaryota_odb10 (Creation date: 2020-09-10, number of genomes: 70, number of BUSCOs: 255)
# Busco id	Status	Sequence	Score	Length
39650at2759	Missing
83779at2759	Fragmented	DREP003470-1.p1	78.1	110
87842at2759	Complete	DREP008985-1.p1	443.4	608
97116at2759	Complete	DREP013359-1.p1	1273.3	963
100698at2759	Complete	DREP003888-1.p1	856.3	498
142542at2759	Complete	DREP013293-1.p1	706.6	641
156083at2759	Complete	DREP006763-1.p1	3785.8	1943
160593at2759	Complete	DREP018550-1.p1	1655.5	1379
166920at2759	Complete	DREP014070-1.p1	586.3	748
176625at2759	Complete	DREP005272-1.p1	248.5	410
179362at2759	Complete	DREP016612-1.p1	624.3	1375
245208at2759	Complete	DREP017206-1.p1	1542.7	877
257318at2759	Complete	DREP012542-1.p1	281.9	310
261328at2759	Complete	DREP016167-1.p1	434.7	436
261419at2759	Complete	DREP003828-1.p1	347.4	449
270107at2759	Complete	DREP001084-1.p1	487.8	682
271586at2759	Complete	DREP012532-1.p1	246.3	448
290630at2759	Complete	DREP012608-1.p1	679.2	824
293315at2759	Complete	DREP006142-1.p1	629.0	591
296129at2759	Complete	DREP000299-1.p1	992.7	713
299766at2759	Complete	DREP013285-1.p1	456.0	453
306227at2759	Complete	DREP001780-2.p1	498.7	511
320059at2759	Complete	DREP017272-1.p1	892.8	451
324863at2759	Complete	DREP008807-1.p1	609.1	561
325552at2759	Complete	DREP003837-1.p1	484.9	499
330169at2759	Complete	DREP008727-1.p1	352.0	348
331411at2759	Complete	DREP000415-2.p1	435.7	402
341721at2759	Complete	DREP005242-1.p1	282.6	437
345441at2759	Complete	DREP015895-1.p1	451.1	379
355408at2759	Complete	DREP000717-1.p1	799.3	545
369837at2759	Complete	DREP013611-1.p1	275.2	409
375960at2759	Complete	DREP011586-1.p1	294.9	356
383503at2759	Complete	DREP005680-1.p1	362.8	414
388820at2759	Complete	DREP003594-1.p1	579.0	617
390348at2759	Complete	DREP005427-1.p1	1212.4	763
392369at2759	Complete	DREP017269-1.p1	378.6	380
396755at2759	Complete	DREP015898-1.p1	575.7	651
418107at2759	Complete	DREP014534-1.p1	472.1	351
426305at2759	Complete	DREP016150-1.p1	538.8	484
450058at2759	Complete	DREP006333-1.p1	235.8	285
453044at2759	Complete	DREP000931-1.p1	341.4	313
457861at2759	Complete	DREP018789-1.p1	98.3	147
464990at2759	Complete	DREP010356-2.p1	354.1	388
491869at2759	Complete	DREP019086-1.p1	242.6	259
513979at2759	Complete	DREP010555-1.p1	151.7	201
543764at2759	Complete	DREP013955-1.p1	200.1	226
549762at2759	Complete	DREP016199-3.p1	473.2	458
551907at2759	Complete	DREP011694-2.p1	252.2	363
570797at2759	Complete	DREP012702-1.p1	548.3	500
582756at2759	Complete	DREP013630-2.p1	281.9	363
598949at2759	Fragmented	DREP011424-2.p1	229.2	275
604979at2759	Complete	DREP015519-1.p1	459.4	299
621827at2759	Complete	DREP000985-1.p1	331.1	362
625387at2759	Complete	DREP011664-1.p1	302.8	350
655400at2759	Complete	DREP017450-1.p1	267.5	280
664730at2759	Complete	DREP017571-1.p1	642.2	343
671536at2759	Complete	DREP008693-1.p1	523.9	369
671846at2759	Complete	DREP002656-1.p1	226.9	415
673132at2759	Complete	DREP002260-1.p1	299.3	273
674160at2759	Complete	DREP001098-1.p1	616.6	1040
674169at2759	Complete	DREP010628-1.p1	166.0	274
679187at2759	Complete	DREP008789-3.p1	366.0	426
679771at2759	Complete	DREP007645-1.p1	150.0	184
687505at2759	Complete	DREP017169-1.p1	218.7	227
692986at2759	Complete	DREP013137-1.p1	328.5	427
708105at2759	Complete	DREP006338-1.p1	160.8	188
719531at2759	Complete	DREP001032-1.p1	388.0	298
720340at2759	Complete	DREP006254-1.p1	193.3	258
721605at2759	Complete	DREP011766-1.p1	322.3	245
722805at2759	Complete	DREP020288-1.p1	333.6	403
734341at2759	Complete	DREP015095-1.p1	130.3	184
734666at2759	Complete	DREP003315-1.p2	489.7	371
736068at2759	Complete	DREP013464-1.p1	283.6	316
751335at2759	Complete	DREP017184-1.p1	287.5	267
759498at2759	Complete	DREP006727-1.p1	572.5	419
761109at2759	Complete	DREP017548-1.p1	432.3	389
768809at2759	Complete	DREP011922-1.p1	270.7	233
774318at2759	Complete	DREP016210-2.p1	324.8	277
777920at2759	Complete	DREP013738-1.p1	409.0	371
779909at2759	Complete	DREP000199-1.p1	234.5	225
801857at2759	Complete	DREP018854-1.p1	244.9	221
814241at2759	Complete	DREP001466-2.p1	320.2	320
817008at2759	Complete	DREP003426-1.p1	488.1	296
834694at2759	Complete	DREP014159-1.p1	416.0	319
836599at2759	Complete	DREP015177-1.p1	423.6	314
844748at2759	Complete	DREP014401-1.p1	294.8	387
855834at2759	Complete	DREP019722-1.p1	191.1	304
858842at2759	Complete	DREP007802-1.p1	239.6	316
865202at2759	Complete	DREP001766-1.p1	202.1	203
866359at2759	Complete	DREP017572-1.p1	375.6	257
869548at2759	Complete	DREP002137-1.p1	231.0	193
878143at2759	Complete	DREP001381-1.p1	388.8	302
887370at2759	Complete	DREP011481-2.p1	336.6	355
891751at2759	Complete	DREP000751-2.p1	234.7	227
898782at2759	Duplicated	DREP005059-1.p1	305.7	355
898782at2759	Duplicated	DREP003225-1.p1	304.7	237
901894at2759	Complete	DREP013460-1.p1	310.1	339
905026at2759	Complete	DREP010525-1.p1	353.0	417
911863at2759	Complete	DREP003842-1.p1	235.8	210
917326at2759	Complete	DREP017362-1.p1	470.0	439
918816at2759	Complete	DREP016268-1.p1	171.3	225
919955at2759	Complete	DREP010906-1.p1	266.1	260
923657at2759	Complete	DREP012947-2.p1	159.4	172
924753at2759	Complete	DREP003641-1.p1	203.5	214
931188at2759	Complete	DREP000251-1.p1	491.7	342
937275at2759	Complete	DREP008955-1.p1	69.3	85
937686at2759	Complete	DREP006436-1.p1	403.9	337
939345at2759	Complete	DREP016969-1.p1	117.4	119
944899at2759	Complete	DREP017538-1.p1	373.3	240
946128at2759	Complete	DREP007003-1.p1	395.7	451
956854at2759	Complete	DREP015429-1.p1	187.0	178
973442at2759	Complete	DREP001407-1.p1	147.6	189
974865at2759	Complete	DREP005197-2.p1	227.1	227
975158at2759	Complete	DREP000217-1.p1	239.4	275
975557at2759	Complete	DREP012846-1.p1	581.2	579
976469at2759	Complete	DREP018115-1.p1	202.5	236
981902at2759	Complete	DREP011227-1.p1	195.3	225
996662at2759	Complete	DREP008220-1.p1	191.6	189
1001705at2759	Complete	DREP012236-1.p1	292.8	269
1003258at2759	Complete	DREP001086-1.p1	216.4	291
1010730at2759	Complete	DREP005551-1.p1	407.6	261
1014314at2759	Complete	DREP001773-1.p1	242.3	214
1018517at2759	Complete	DREP005809-1.p1	304.1	210
1019762at2759	Complete	DREP003821-1.p1	338.6	368
1025450at2759	Complete	DREP011223-1.p1	243.4	297
1030907at2759	Complete	DREP002091-1.p1	300.6	279
1032689at2759	Complete	DREP004963-1.p1	184.1	146
1038775at2759	Complete	DREP015416-1.p1	186.4	203
1041560at2759	Complete	DREP005663-3.p1	254.4	327
1049599at2759	Complete	DREP006961-1.p1	387.0	356
1051021at2759	Complete	DREP011299-1.p1	338.5	321
1053181at2759	Complete	DREP010922-1.p1	21.7	116
1057950at2759	Complete	DREP005847-1.p1	303.9	227
1065019at2759	Complete	DREP008063-1.p1	316.1	256
1076134at2759	Complete	DREP018944-1.p1	270.8	185
1079130at2759	Complete	DREP017613-1.p1	348.8	255
1079827at2759	Missing
1085752at2759	Missing
1087488at2759	Complete	DREP005864-1.p1	247.0	310
1090038at2759	Complete	DREP007666-1.p1	170.0	134
1094121at2759	Complete	DREP014044-1.p1	119.4	130
1096688at2759	Complete	DREP000522-2.p1	324.1	210
1106766at2759	Complete	DREP010837-2.p1	191.0	209
1107630at2759	Complete	DREP013085-1.p1	287.4	209
1108845at2759	Complete	DREP019637-1.p1	506.3	330
1111142at2759	Complete	DREP020599-1.p1	252.5	258
1112002at2759	Complete	DREP012588-1.p1	384.8	506
1115196at2759	Complete	DREP001274-1.p1	384.6	306
1128607at2759	Complete	DREP001033-1.p1	363.5	251
1129824at2759	Complete	DREP019252-1.p1	126.3	131
1138059at2759	Complete	DREP006270-1.p1	282.3	192
1157302at2759	Missing
1161199at2759	Complete	DREP015736-1.p1	110.9	135
1173229at2759	Complete	DREP010929-1.p1	134.4	236
1178688at2759	Complete	DREP004988-1.p1	128.2	138
1182451at2759	Complete	DREP003427-1.p1	145.3	167
1193442at2759	Complete	DREP003203-1.p1	336.9	243
1194691at2759	Complete	DREP001895-1.p1	386.4	275
1194797at2759	Complete	DREP014075-1.p1	456.9	420
1197019at2759	Complete	DREP011647-1.p1	159.2	158
1200489at2759	Complete	DREP013722-1.p1	105.3	137
1217666at2759	Complete	DREP013005-1.p1	232.5	177
1220881at2759	Complete	DREP017696-1.p1	137.5	148
1222562at2759	Complete	DREP005015-1.p1	164.6	115
1223488at2759	Complete	DREP008439-1.p1	78.3	84
1228942at2759	Complete	DREP006252-1.p1	186.4	162
1233814at2759	Complete	DREP017352-1.p1	229.9	154
1236198at2759	Duplicated	DREP001262-1.p1	206.0	125
1236198at2759	Duplicated	DREP000865-1.p1	204.6	125
1247641at2759	Complete	DREP011374-2.p1	149.9	178
1248958at2759	Missing
1249159at2759	Complete	DREP013396-1.p1	155.6	154
1251252at2759	Complete	DREP008732-1.p1	92.3	82
1257440at2759	Complete	DREP000719-1.p1	168.8	122
1258856at2759	Complete	DREP003240-1.p1	522.6	585
1259741at2759	Complete	DREP014680-1.p1	394.5	215
1260807at2759	Complete	DREP018581-1.p1	270.9	221
1264469at2759	Complete	DREP008507-1.p1	179.0	152
1266231at2759	Complete	DREP014728-1.p1	282.6	188
1269244at2759	Complete	DREP005154-1.p1	89.6	124
1269649at2759	Complete	DREP003577-1.p1	278.9	166
1275837at2759	Complete	DREP001376-1.p1	406.8	243
1284731at2759	Missing
1287094at2759	Complete	DREP016434-1.p1	158.0	149
1287401at2759	Complete	DREP017320-1.p1	258.4	162
1291729at2759	Complete	DREP014705-1.p1	67.2	108
1304061at2759	Complete	DREP003366-1.p1	176.1	152
1309031at2759	Complete	DREP000666-1.p1	309.7	333
1312453at2759	Complete	DREP003514-2.p1	643.7	684
1314980at2759	Complete	DREP004108-1.p1	544.3	527
1322299at2759	Complete	DREP008226-1.p1	387.7	347
1322642at2759	Complete	DREP015152-1.p1	180.4	157
1323575at2759	Duplicated	DREP000800-1.p1	170.0	113
1323575at2759	Duplicated	DREP016683-1.p1	155.7	113
1324510at2759	Complete	DREP016126-1.p1	296.4	290
1338131at2759	Complete	DREP002488-1.p1	255.2	140
1339553at2759	Complete	DREP020376-1.p1	232.2	270
1342242at2759	Complete	DREP005901-1.p1	183.3	184
1346165at2759	Complete	DREP008488-1.p1	328.5	299
1346432at2759	Complete	DREP000435-1.p1	109.7	167
1348942at2759	Complete	DREP013782-1.p1	123.3	164
1355894at2759	Complete	DREP003392-1.p1	217.0	141
1358374at2759	Complete	DREP014029-1.p1	269.8	203
1364586at2759	Complete	DREP015807-1.p1	115.6	155
1370285at2759	Fragmented	DREP006859-2.p1	104.5	162
1370304at2759	Complete	DREP008161-1.p1	294.3	496
1377237at2759	Complete	DREP003281-1.p1	144.9	138
1379600at2759	Complete	DREP017154-1.p1	455.3	501
1380409at2759	Complete	DREP000310-2.p1	192.6	137
1382842at2759	Complete	DREP017540-1.p1	128.6	120
1395649at2759	Complete	DREP013621-1.p1	93.1	130
1398309at2759	Complete	DREP001403-1.p1	80.1	80
1404162at2759	Complete	DREP002129-2.p1	198.3	190
1405073at2759	Complete	DREP015934-1.p1	224.4	158
1405146at2759	Complete	DREP003167-1.p1	136.1	137
1407446at2759	Complete	DREP007999-1.p1	63.3	109
1421503at2759	Complete	DREP015355-1.p1	197.8	111
1423847at2759	Complete	DREP018741-1.p1	210.1	191
1426075at2759	Complete	DREP016686-1.p1	101.9	96
1428265at2759	Complete	DREP012950-1.p1	203.3	217
1428854at2759	Complete	DREP008931-1.p1	446.9	508
1430056at2759	Complete	DREP008246-1.p1	109.6	123
1432328at2759	Complete	DREP011109-1.p1	282.0	179
1434266at2759	Complete	DREP005058-1.p1	129.9	134
1440961at2759	Complete	DREP010782-1.p1	90.1	175
1441854at2759	Complete	DREP001856-1.p1	247.7	211
1442062at2759	Complete	DREP016752-1.p1	129.2	209
1445102at2759	Complete	DREP019819-1.p1	289.2	191
1450538at2759	Complete	DREP019221-2.p1	175.1	154
1454155at2759	Complete	DREP007777-1.p1	80.2	127
1455730at2759	Complete	DREP013648-1.p1	466.3	351
1459797at2759	Complete	DREP011661-2.p1	67.1	96
1474000at2759	Complete	DREP019920-1.p1	111.2	164
1479417at2759	Complete	DREP003110-1.p1	300.9	176
1488235at2759	Complete	DREP007501-1.p1	168.8	139
1488436at2759	Complete	DREP006399-1.p1	125.6	62
1490022at2759	Complete	DREP000933-1.p1	221.8	168
1504863at2759	Complete	DREP002606-1.p1	175.8	147
1513531at2759	Complete	DREP003164-2.p1	285.6	211
1525971at2759	Complete	DREP008533-1.p1	107.8	79
1526152at2759	Complete	DREP016246-2.p1	106.9	85
1530008at2759	Missing
1538526at2759	Complete	DREP011311-1.p1	124.3	104
1545004at2759	Complete	DREP014188-1.p1	67.9	72
1552706at2759	Complete	DREP012961-1.p1	105.0	92
1558822at2759	Missing
1563319at2759	Complete	DREP003321-1.p1	115.3	136
1567796at2759	Complete	DREP004989-1.p1	145.3	132
1575179at2759	Complete	DREP017248-1.p1	46.0	57
1576404at2759	Complete	DREP019122-1.p1	142.2	177
1588798at2759	Complete	DREP015128-1.p1	112.4	98
1593937at2759	Complete	DREP007619-1.p1	105.4	150
1617752at2759	Complete	DREP007335-1.p1	138.6	94
1620056at2759	Complete	DREP016176-1.p1	69.6	81
1623701at2759	Complete	DREP011585-1.p1	133.3	90
1626636at2759	Complete	DREP019457-1.p1	123.9	125
1633672at2759	Missing
1645187at2759	Complete	DREP019209-1.p1	50.0	54
