# BUSCO version is: 5.4.6 
# The lineage dataset is: eukaryota_odb10 (Creation date: 2020-09-10, number of genomes: 70, number of BUSCOs: 255)
# Busco id	Status	Sequence	Score	Length
39650at2759	Complete	Dbrb05957-RA	2126.5	1445
83779at2759	Duplicated	Dbrb04803-RA	213.1	228
83779at2759	Duplicated	Dbrb16157-RA	213.1	228
87842at2759	Complete	Dbrb04399-RA	438.0	604
97116at2759	Complete	Dbrb03546-RA	1269.8	955
100698at2759	Complete	Dbrb10287-RA	855.7	498
142542at2759	Complete	Dbrb03526-RA	731.7	659
156083at2759	Complete	Dbrb02014-RA	3787.0	1943
160593at2759	Missing
166920at2759	Complete	Dbrb00945-RA	581.4	755
176625at2759	Complete	Dbrb08601-RA	255.2	451
179362at2759	Complete	Dbrb02370-RA	618.8	1352
245208at2759	Complete	Dbrb06934-RA	1542.7	878
257318at2759	Complete	Dbrb01103-RA	279.7	305
261328at2759	Complete	Dbrb02399-RA	433.5	435
261419at2759	Complete	Dbrb10200-RA	351.4	509
270107at2759	Complete	Dbrb00640-RA	480.3	721
271586at2759	Complete	Dbrb01201-RA	243.6	415
290630at2759	Complete	Dbrb01187-RA	678.6	710
293315at2759	Complete	Dbrb16001-RA	528.6	553
296129at2759	Complete	Dbrb10886-RA	996.0	696
299766at2759	Complete	Dbrb03532-RA	457.2	467
306227at2759	Complete	Dbrb08869-RA	496.0	484
320059at2759	Complete	Dbrb06819-RA	895.6	451
324863at2759	Complete	Dbrb04542-RA	611.7	563
325552at2759	Complete	Dbrb10216-RA	486.7	499
330169at2759	Complete	Dbrb08376-RA	350.3	337
331411at2759	Complete	Dbrb05135-RA	435.0	400
341721at2759	Complete	Dbrb08487-RA	293.2	430
345441at2759	Complete	Dbrb03601-RA	444.9	370
355408at2759	Complete	Dbrb05307-RA	795.9	545
369837at2759	Complete	Dbrb16117-RA	272.3	432
375960at2759	Complete	Dbrb03960-RA	293.2	364
383503at2759	Complete	Dbrb07991-RA	362.1	421
388820at2759	Complete	Dbrb09142-RA	571.1	640
390348at2759	Duplicated	Dbrb06582-RA	1208.4	737
390348at2759	Duplicated	Dbrb12286-RA	1068.8	725
390348at2759	Duplicated	Dbrb14473-RA	1060.0	730
392369at2759	Duplicated	Dbrb06892-RA	376.9	380
392369at2759	Duplicated	Dbrb11551-RA	370.6	337
392369at2759	Duplicated	Dbrb14028-RA	357.2	338
396755at2759	Complete	Dbrb03582-RA	578.4	651
418107at2759	Complete	Dbrb03653-RA	452.3	348
426305at2759	Complete	Dbrb02530-RA	531.6	482
450058at2759	Complete	Dbrb15336-RA	226.4	279
453044at2759	Complete	Dbrb15680-RA	344.9	314
457861at2759	Complete	Dbrb16044-RA	99.0	150
464990at2759	Complete	Dbrb04379-RA	338.6	343
491869at2759	Complete	Dbrb07942-RA	247.5	258
513979at2759	Complete	Dbrb06019-RA	150.1	195
543764at2759	Complete	Dbrb12609-RA	202.5	226
549762at2759	Complete	Dbrb02304-RA	491.3	443
551907at2759	Complete	Dbrb03808-RA	258.5	374
570797at2759	Complete	Dbrb01117-RA	549.1	489
582756at2759	Complete	Dbrb16091-RA	283.3	346
598949at2759	Fragmented	Dbrb16578-RA	206.6	198
604979at2759	Complete	Dbrb07811-RA	459.5	283
621827at2759	Complete	Dbrb05314-RA	315.7	346
625387at2759	Complete	Dbrb04297-RA	304.6	352
655400at2759	Complete	Dbrb06881-RA	273.9	282
664730at2759	Complete	Dbrb07193-RA	643.9	343
671536at2759	Complete	Dbrb08379-RA	526.0	369
671846at2759	Complete	Dbrb07396-RA	227.1	415
673132at2759	Complete	Dbrb07385-RA	298.3	273
674160at2759	Complete	Dbrb00639-RA	614.8	1336
674169at2759	Complete	Dbrb05909-RA	168.2	289
679187at2759	Complete	Dbrb04499-RA	368.6	423
679771at2759	Complete	Dbrb01302-RA	150.0	184
687505at2759	Complete	Dbrb06949-RA	216.9	217
692986at2759	Complete	Dbrb15492-RA	327.0	437
708105at2759	Complete	Dbrb09487-RA	158.7	236
719531at2759	Complete	Dbrb00356-RA	380.9	293
720340at2759	Complete	Dbrb15810-RA	194.2	257
721605at2759	Complete	Dbrb04134-RA	315.4	245
722805at2759	Complete	Dbrb11186-RA	338.2	409
734341at2759	Complete	Dbrb11526-RA	131.8	173
734666at2759	Complete	Dbrb04841-RA	491.0	371
736068at2759	Complete	Dbrb03125-RA	291.1	316
751335at2759	Complete	Dbrb07060-RA	284.4	289
759498at2759	Complete	Dbrb01560-RA	571.6	419
761109at2759	Complete	Dbrb06804-RA	411.8	390
768809at2759	Complete	Dbrb04199-RA	258.3	254
774318at2759	Complete	Dbrb02574-RA	317.8	279
777920at2759	Complete	Dbrb14670-RA	410.3	346
779909at2759	Complete	Dbrb05467-RA	232.0	227
801857at2759	Complete	Dbrb16067-RA	247.0	221
814241at2759	Complete	Dbrb00013-RA	327.9	319
817008at2759	Complete	Dbrb06064-RA	486.1	296
834694at2759	Complete	Dbrb12668-RA	417.5	383
836599at2759	Complete	Dbrb11480-RA	421.6	314
844748at2759	Complete	Dbrb00852-RA	298.1	388
855834at2759	Complete	Dbrb11191-RA	193.6	315
858842at2759	Complete	Dbrb01583-RA	239.8	311
865202at2759	Complete	Dbrb08939-RA	210.0	203
866359at2759	Complete	Dbrb13376-RA	379.8	257
869548at2759	Complete	Dbrb05739-RA	230.5	193
878143at2759	Complete	Dbrb00279-RA	390.5	302
887370at2759	Missing
891751at2759	Complete	Dbrb15662-RA	237.7	185
898782at2759	Duplicated	Dbrb09784-RA	286.3	284
898782at2759	Duplicated	Dbrb12184-RA	267.6	269
901894at2759	Complete	Dbrb03173-RA	310.6	333
905026at2759	Complete	Dbrb05947-RA	356.0	390
911863at2759	Complete	Dbrb10271-RA	236.7	210
917326at2759	Complete	Dbrb13339-RA	468.5	440
918816at2759	Complete	Dbrb02464-RA	171.7	225
919955at2759	Complete	Dbrb06435-RA	266.3	260
923657at2759	Complete	Dbrb03446-RA	162.8	173
924753at2759	Complete	Dbrb09122-RA	183.9	166
931188at2759	Complete	Dbrb05215-RA	490.0	342
937275at2759	Complete	Dbrb04514-RA	70.4	87
937686at2759	Complete	Dbrb09486-RA	400.9	340
939345at2759	Complete	Dbrb14776-RA	118.4	120
944899at2759	Complete	Dbrb06909-RA	373.4	249
946128at2759	Complete	Dbrb01792-RA	498.5	467
956854at2759	Complete	Dbrb07848-RA	187.7	178
973442at2759	Complete	Dbrb00329-RA	148.8	197
974865at2759	Duplicated	Dbrb08196-RA	225.9	227
974865at2759	Duplicated	Dbrb17885-RA	225.9	227
975158at2759	Complete	Dbrb05270-RA	240.3	276
975557at2759	Complete	Dbrb02669-RA	581.5	577
976469at2759	Complete	Dbrb13325-RA	203.2	236
981902at2759	Complete	Dbrb10457-RA	200.1	231
996662at2759	Complete	Dbrb10016-RA	190.6	172
1001705at2759	Complete	Dbrb04107-RA	293.8	269
1003258at2759	Complete	Dbrb00009-RA	218.0	283
1010730at2759	Complete	Dbrb07966-RA	413.5	261
1014314at2759	Complete	Dbrb08967-RA	243.0	214
1018517at2759	Complete	Dbrb05638-RA	303.0	209
1019762at2759	Complete	Dbrb10267-RA	338.5	368
1025450at2759	Complete	Dbrb10478-RA	231.1	298
1030907at2759	Complete	Dbrb05808-RA	297.4	280
1032689at2759	Complete	Dbrb08539-RA	183.4	148
1038775at2759	Complete	Dbrb07813-RA	185.9	203
1041560at2759	Complete	Dbrb06552-RA	255.5	314
1049599at2759	Complete	Dbrb02022-RA	387.6	372
1051021at2759	Complete	Dbrb10511-RA	342.0	321
1053181at2759	Complete	Dbrb15387-RA	32.5	188
1057950at2759	Complete	Dbrb09351-RA	236.5	179
1065019at2759	Complete	Dbrb01387-RA	316.9	250
1076134at2759	Complete	Dbrb13510-RA	270.8	185
1079130at2759	Complete	Dbrb07094-RA	350.8	255
1079827at2759	Complete	Dbrb12852-RA	364.8	223
1085752at2759	Complete	Dbrb09797-RA	233.7	276
1087488at2759	Missing
1090038at2759	Complete	Dbrb01316-RA	170.0	165
1094121at2759	Complete	Dbrb01019-RA	118.6	130
1096688at2759	Complete	Dbrb10933-RA	322.9	210
1106766at2759	Complete	Dbrb06617-RA	189.5	208
1107630at2759	Complete	Dbrb15504-RA	289.8	209
1108845at2759	Complete	Dbrb11240-RA	506.1	330
1111142at2759	Complete	Dbrb12738-RA	258.2	262
1112002at2759	Complete	Dbrb01065-RA	374.0	552
1115196at2759	Complete	Dbrb00280-RA	382.9	306
1128607at2759	Duplicated	Dbrb00157-RA	365.3	251
1128607at2759	Duplicated	Dbrb12504-RA	329.9	246
1129824at2759	Duplicated	Dbrb18171-RA	87.1	133
1129824at2759	Duplicated	Dbrb13955-RA	80.8	113
1138059at2759	Complete	Dbrb16005-RA	314.7	208
1157302at2759	Complete	Dbrb00184-RA	347.5	192
1161199at2759	Complete	Dbrb07721-RA	109.8	135
1173229at2759	Missing
1178688at2759	Complete	Dbrb08578-RA	128.9	174
1182451at2759	Complete	Dbrb04848-RA	137.2	189
1193442at2759	Complete	Dbrb04902-RA	339.5	289
1194691at2759	Complete	Dbrb08945-RA	385.9	275
1194797at2759	Complete	Dbrb00909-RA	458.5	420
1197019at2759	Complete	Dbrb03958-RA	101.0	130
1200489at2759	Complete	Dbrb12652-RA	104.3	123
1217666at2759	Complete	Dbrb03433-RA	232.0	177
1220881at2759	Complete	Dbrb06855-RA	134.4	148
1222562at2759	Complete	Dbrb08583-RA	165.0	121
1223488at2759	Complete	Dbrb03246-RA	76.0	112
1228942at2759	Complete	Dbrb15318-RA	181.0	162
1233814at2759	Complete	Dbrb06856-RA	229.9	154
1236198at2759	Complete	Dbrb00165-RA	204.9	125
1247641at2759	Complete	Dbrb15878-RA	149.2	183
1248958at2759	Complete	Dbrb07205-RA	654.9	615
1249159at2759	Complete	Dbrb03153-RA	155.9	154
1251252at2759	Complete	Dbrb08392-RA	92.7	82
1257440at2759	Complete	Dbrb05357-RA	171.5	122
1258856at2759	Complete	Dbrb06063-RA	523.5	592
1259741at2759	Complete	Dbrb10678-RA	394.3	215
1260807at2759	Duplicated	Dbrb11947-RA	99.4	195
1260807at2759	Duplicated	Dbrb14599-RA	98.4	248
1264469at2759	Missing
1266231at2759	Complete	Dbrb10642-RA	282.7	188
1269244at2759	Complete	Dbrb09769-RA	88.3	137
1269649at2759	Complete	Dbrb04849-RA	278.6	166
1275837at2759	Complete	Dbrb00032-RA	406.3	243
1284731at2759	Complete	Dbrb07679-RA	102.5	115
1287094at2759	Complete	Dbrb02234-RA	161.9	145
1287401at2759	Complete	Dbrb06879-RA	247.9	156
1291729at2759	Complete	Dbrb10619-RA	64.2	105
1304061at2759	Complete	Dbrb04878-RA	177.8	152
1309031at2759	Complete	Dbrb10943-RA	305.4	346
1312453at2759	Complete	Dbrb05733-RA	634.8	662
1314980at2759	Complete	Dbrb06407-RA	545.9	509
1322299at2759	Complete	Dbrb09972-RA	388.4	377
1322642at2759	Complete	Dbrb11473-RA	181.5	156
1323575at2759	Duplicated	Dbrb10973-RA	169.7	113
1323575at2759	Duplicated	Dbrb02644-RA	157.8	112
1324510at2759	Complete	Dbrb02394-RA	294.6	286
1338131at2759	Complete	Dbrb07569-RA	255.5	140
1339553at2759	Complete	Dbrb12832-RA	231.8	268
1342242at2759	Duplicated	Dbrb08750-RA	176.9	183
1342242at2759	Duplicated	Dbrb05623-RA	176.9	182
1346165at2759	Complete	Dbrb03202-RA	330.7	300
1346432at2759	Complete	Dbrb10885-RA	109.1	164
1348942at2759	Complete	Dbrb12699-RA	121.9	160
1355894at2759	Complete	Dbrb04727-RA	207.8	141
1358374at2759	Complete	Dbrb01021-RA	269.2	203
1364586at2759	Complete	Dbrb07681-RA	112.2	156
1370285at2759	Complete	Dbrb01686-RA	304.9	260
1370304at2759	Complete	Dbrb01810-RA	295.9	498
1377237at2759	Complete	Dbrb04861-RA	146.0	138
1379600at2759	Complete	Dbrb06835-RA	453.6	502
1380409at2759	Missing
1382842at2759	Complete	Dbrb06833-RA	128.5	120
1395649at2759	Complete	Dbrb17331-RA	93.5	130
1398309at2759	Complete	Dbrb00301-RA	83.1	107
1404162at2759	Complete	Dbrb08953-RA	201.7	190
1405073at2759	Complete	Dbrb08122-RA	224.5	158
1405146at2759	Complete	Dbrb09114-RA	137.2	135
1407446at2759	Complete	Dbrb01595-RA	62.9	105
1421503at2759	Complete	Dbrb07911-RA	198.1	111
1423847at2759	Complete	Dbrb17954-RA	271.5	274
1426075at2759	Complete	Dbrb02609-RA	102.8	96
1428265at2759	Complete	Dbrb03445-RA	200.0	239
1428854at2759	Complete	Dbrb04649-RA	447.3	525
1430056at2759	Complete	Dbrb10086-RA	111.2	133
1432328at2759	Complete	Dbrb10526-RA	239.1	153
1434266at2759	Complete	Dbrb08542-RA	128.2	134
1440961at2759	Complete	Dbrb06709-RA	84.6	175
1441854at2759	Complete	Dbrb05862-RA	251.2	211
1442062at2759	Complete	Dbrb14709-RA	131.5	212
1445102at2759	Complete	Dbrb12773-RA	289.4	191
1450538at2759	Complete	Dbrb02761-RA	175.9	154
1454155at2759	Missing
1455730at2759	Complete	Dbrb16104-RA	463.5	353
1459797at2759	Missing
1474000at2759	Complete	Dbrb15755-RA	112.3	166
1479417at2759	Complete	Dbrb04728-RA	301.0	176
1488235at2759	Complete	Dbrb01571-RA	168.0	139
1488436at2759	Complete	Dbrb15316-RA	125.7	62
1490022at2759	Duplicated	Dbrb05440-RA	220.8	168
1490022at2759	Duplicated	Dbrb07825-RA	191.3	169
1504863at2759	Complete	Dbrb07619-RA	176.9	147
1513531at2759	Complete	Dbrb09257-RA	287.8	207
1525971at2759	Complete	Dbrb03335-RA	107.7	79
1526152at2759	Complete	Dbrb02251-RA	106.8	85
1530008at2759	Complete	Dbrb15581-RA	121.9	88
1538526at2759	Complete	Dbrb10490-RA	134.4	104
1545004at2759	Complete	Dbrb03124-RA	111.4	72
1552706at2759	Complete	Dbrb03466-RA	104.9	92
1558822at2759	Complete	Dbrb02997-RA	118.5	66
1563319at2759	Complete	Dbrb06075-RA	114.1	136
1567796at2759	Complete	Dbrb09575-RA	145.0	132
1575179at2759	Complete	Dbrb07062-RA	49.0	57
1576404at2759	Complete	Dbrb16237-RA	136.5	168
1588798at2759	Complete	Dbrb11511-RA	111.8	98
1593937at2759	Missing
1617752at2759	Complete	Dbrb01489-RA	138.7	93
1620056at2759	Complete	Dbrb02224-RA	72.6	87
1623701at2759	Complete	Dbrb04195-RA	133.4	90
1626636at2759	Complete	Dbrb02797-RA	122.6	124
1633672at2759	Fragmented	Dbrb08419-RA	119.4	68
1645187at2759	Complete	Dbrb02946-RA	49.5	54
