# BUSCO version is: 5.4.6 
# The lineage dataset is: eukaryota_odb10 (Creation date: 2020-09-10, number of genomes: 70, number of BUSCOs: 255)
# Busco id	Status	Sequence	Score	Length
39650at2759	Complete	DkoeB00004947-RA	2126.1	1445
83779at2759	Complete	DkoeB00011360-RA	215.2	228
87842at2759	Missing
97116at2759	Complete	DkoeB00002165-RA	1267.1	955
100698at2759	Complete	DkoeB00009612-RA	855.7	498
142542at2759	Complete	DkoeB00002143-RA	730.8	660
156083at2759	Complete	DkoeB00007549-RA	3787.0	1943
160593at2759	Complete	DkoeB00013087-RA	1649.5	1327
166920at2759	Complete	DkoeB00006672-RA	579.2	755
176625at2759	Complete	DkoeB00005774-RA	218.0	384
179362at2759	Complete	DkoeB00012284-RA	620.6	1436
245208at2759	Complete	DkoeB00003184-RA	1542.7	878
257318at2759	Complete	DkoeB00006486-RA	279.7	312
261328at2759	Complete	DkoeB00012253-RA	433.8	435
261419at2759	Complete	DkoeB00009532-RA	352.1	509
270107at2759	Complete	DkoeB00006107-RA	480.8	723
271586at2759	Complete	DkoeB00006390-RA	242.4	461
290630at2759	Complete	DkoeB00006401-RA	675.6	710
293315at2759	Complete	DkoeB00007917-RA	628.8	591
296129at2759	Complete	DkoeB00000399-RA	996.2	697
299766at2759	Complete	DkoeB00002149-RA	456.1	460
306227at2759	Complete	DkoeB00010952-RA	496.3	502
320059at2759	Complete	DkoeB00003065-RA	895.6	451
324863at2759	Complete	DkoeB00011105-RA	611.6	563
325552at2759	Complete	DkoeB00009548-RA	487.9	526
330169at2759	Complete	DkoeB00008036-RA	260.4	273
331411at2759	Complete	DkoeB00001080-RA	435.0	400
341721at2759	Complete	DkoeB00005680-RA	295.4	411
345441at2759	Complete	DkoeB00002225-RA	458.0	380
355408at2759	Complete	DkoeB00000919-RA	795.4	545
369837at2759	Complete	DkoeB00012786-RA	275.7	432
375960at2759	Complete	DkoeB00002565-RA	292.1	365
383503at2759	Complete	DkoeB00008412-RA	362.1	421
388820at2759	Complete	DkoeB00010687-RA	570.9	640
390348at2759	Complete	DkoeB00005516-RA	1207.5	736
392369at2759	Complete	DkoeB00003139-RA	378.5	380
396755at2759	Complete	DkoeB00002206-RA	578.3	651
418107at2759	Complete	DkoeB00002279-RA	471.0	348
426305at2759	Complete	DkoeB00012107-RA	530.9	561
450058at2759	Complete	DkoeB00007825-RA	223.4	285
453044at2759	Complete	DkoeB00000614-RA	342.7	314
457861at2759	Complete	DkoeB00012579-RA	99.3	150
464990at2759	Complete	DkoeB00002982-RA	338.6	343
491869at2759	Complete	DkoeB00008462-RA	247.7	258
513979at2759	Complete	DkoeB00004519-RA	144.9	195
543764at2759	Complete	DkoeB00008959-RA	202.5	226
549762at2759	Complete	DkoeB00012358-RA	493.7	449
551907at2759	Complete	DkoeB00002427-RA	258.0	324
570797at2759	Complete	DkoeB00006472-RA	539.6	500
582756at2759	Complete	DkoeB00012816-RA	282.1	360
598949at2759	Fragmented	DkoeB00012986-RA	206.1	198
604979at2759	Complete	DkoeB00008581-RA	459.4	283
621827at2759	Complete	DkoeB00000913-RA	315.4	347
625387at2759	Complete	DkoeB00002901-RA	304.8	352
655400at2759	Complete	DkoeB00003128-RA	272.2	283
664730at2759	Complete	DkoeB00003424-RA	644.4	343
671536at2759	Complete	DkoeB00008034-RA	525.7	369
671846at2759	Complete	DkoeB00003612-RA	226.8	415
673132at2759	Complete	DkoeB00003602-RA	299.4	273
674160at2759	Complete	DkoeB00006108-RA	619.5	1320
674169at2759	Complete	DkoeB00004903-RA	166.1	287
679187at2759	Complete	DkoeB00011061-RA	364.9	423
679771at2759	Complete	DkoeB00006274-RA	150.0	184
687505at2759	Complete	DkoeB00003199-RA	216.0	217
692986at2759	Complete	DkoeB00009934-RA	327.7	430
708105at2759	Complete	DkoeB00005930-RA	148.3	214
719531at2759	Complete	DkoeB00011907-RA	388.0	294
720340at2759	Complete	DkoeB00007745-RA	194.2	257
721605at2759	Complete	DkoeB00002737-RA	315.3	245
722805at2759	Complete	DkoeB00004232-RA	341.6	409
734341at2759	Complete	DkoeB00003943-RA	131.8	173
734666at2759	Complete	DkoeB00011404-RA	491.4	371
736068at2759	Complete	DkoeB00001753-RA	290.1	316
751335at2759	Complete	DkoeB00003297-RA	284.4	289
759498at2759	Complete	DkoeB00007093-RA	571.3	419
761109at2759	Complete	DkoeB00003049-RA	406.2	390
768809at2759	Complete	DkoeB00002799-RA	258.3	254
774318at2759	Complete	DkoeB00012059-RA	317.3	279
777920at2759	Complete	DkoeB00009018-RA	410.0	346
779909at2759	Complete	DkoeB00000760-RA	232.0	227
801857at2759	Complete	DkoeB00012639-RA	247.3	221
814241at2759	Complete	DkoeB00011561-RA	327.7	319
817008at2759	Complete	DkoeB00004478-RA	485.7	296
834694at2759	Complete	DkoeB00008898-RA	416.4	371
836599at2759	Complete	DkoeB00003980-RA	422.6	315
844748at2759	Missing
855834at2759	Complete	DkoeB00004228-RA	192.8	330
858842at2759	Complete	DkoeB00007116-RA	238.3	322
865202at2759	Complete	DkoeB00010883-RA	209.8	203
866359at2759	Complete	DkoeB00010199-RA	379.7	257
869548at2759	Complete	DkoeB00004728-RA	230.5	193
878143at2759	Complete	DkoeB00011827-RA	202.8	276
887370at2759	Missing
891751at2759	Complete	DkoeB00000594-RA	237.4	253
898782at2759	Complete	DkoeB00005177-RA	292.0	274
901894at2759	Complete	DkoeB00001797-RA	311.0	333
905026at2759	Complete	DkoeB00004939-RA	357.0	390
911863at2759	Complete	DkoeB00009596-RA	237.2	210
917326at2759	Complete	DkoeB00010237-RA	468.1	439
918816at2759	Complete	DkoeB00012171-RA	171.7	225
919955at2759	Complete	DkoeB00005375-RA	268.5	260
923657at2759	Complete	DkoeB00002069-RA	162.8	173
924753at2759	Complete	DkoeB00010705-RA	202.8	213
931188at2759	Complete	DkoeB00001003-RA	490.0	342
937275at2759	Complete	DkoeB00011077-RA	70.8	87
937686at2759	Complete	DkoeB00005931-RA	401.3	340
939345at2759	Complete	DkoeB00009119-RA	99.1	110
944899at2759	Complete	DkoeB00003158-RA	372.8	240
946128at2759	Missing
956854at2759	Complete	DkoeB00008548-RA	187.7	178
973442at2759	Complete	DkoeB00011881-RA	148.6	196
974865at2759	Missing
975158at2759	Complete	DkoeB00000953-RA	240.3	278
975557at2759	Complete	DkoeB00001306-RA	580.9	577
976469at2759	Complete	DkoeB00010251-RA	203.2	236
981902at2759	Complete	DkoeB00009783-RA	196.1	228
996662at2759	Complete	DkoeB00009349-RA	190.7	189
1001705at2759	Complete	DkoeB00002711-RA	293.5	269
1003258at2759	Missing
1010730at2759	Complete	DkoeB00008438-RA	413.5	261
1014314at2759	Duplicated	DkoeB00010854-RA	242.2	214
1014314at2759	Duplicated	DkoeB00014416-RA	242.2	214
1018517at2759	Complete	DkoeB00014294-RA	303.0	209
1019762at2759	Complete	DkoeB00009592-RA	339.0	368
1025450at2759	Complete	DkoeB00009807-RA	240.4	297
1030907at2759	Complete	DkoeB00004797-RA	300.0	280
1032689at2759	Complete	DkoeB00005721-RA	183.3	148
1038775at2759	Complete	DkoeB00008579-RA	185.9	203
1041560at2759	Complete	DkoeB00005484-RA	254.5	313
1049599at2759	Complete	DkoeB00007559-RA	387.6	372
1051021at2759	Complete	DkoeB00012870-RA	343.0	321
1053181at2759	Complete	DkoeB00007876-RA	28.4	174
1057950at2759	Complete	DkoeB00010485-RA	304.3	227
1065019at2759	Missing
1076134at2759	Complete	DkoeB00010063-RA	272.5	185
1079130at2759	Complete	DkoeB00003331-RA	351.0	255
1079827at2759	Complete	DkoeB00008728-RA	364.6	223
1085752at2759	Missing
1087488at2759	Missing
1090038at2759	Complete	DkoeB00006259-RA	170.2	134
1094121at2759	Complete	DkoeB00006587-RA	121.7	130
1096688at2759	Complete	DkoeB00000448-RA	323.0	210
1106766at2759	Complete	DkoeB00005549-RA	189.6	208
1107630at2759	Complete	DkoeB00009924-RA	290.2	209
1108845at2759	Complete	DkoeB00004188-RA	506.1	330
1111142at2759	Complete	DkoeB00008832-RA	259.3	262
1112002at2759	Complete	DkoeB00006526-RA	371.8	550
1115196at2759	Complete	DkoeB00011828-RA	382.9	306
1128607at2759	Complete	DkoeB00011714-RA	365.3	251
1129824at2759	Missing
1138059at2759	Complete	DkoeB00007910-RA	313.8	208
1157302at2759	Complete	DkoeB00011739-RA	323.5	181
1161199at2759	Missing
1173229at2759	Missing
1178688at2759	Complete	DkoeB00005753-RA	128.3	138
1182451at2759	Complete	DkoeB00011409-RA	139.0	166
1193442at2759	Complete	DkoeB00011462-RA	341.3	290
1194691at2759	Complete	DkoeB00010875-RA	385.9	275
1194797at2759	Complete	DkoeB00006717-RA	458.5	420
1197019at2759	Complete	DkoeB00002564-RA	101.0	130
1200489at2759	Complete	DkoeB00008917-RA	104.7	136
1217666at2759	Complete	DkoeB00002056-RA	232.0	177
1220881at2759	Complete	DkoeB00003102-RA	134.1	148
1222562at2759	Missing
1223488at2759	Complete	DkoeB00001869-RA	75.5	112
1228942at2759	Complete	DkoeB00007806-RA	180.7	162
1233814at2759	Complete	DkoeB00003103-RA	229.9	154
1236198at2759	Duplicated	DkoeB00011720-RA	204.9	125
1236198at2759	Duplicated	DkoeB00000661-RA	203.1	125
1247641at2759	Complete	DkoeB00013002-RA	149.1	178
1248958at2759	Complete	DkoeB00003436-RA	657.2	615
1249159at2759	Complete	DkoeB00001779-RA	157.0	154
1251252at2759	Duplicated	DkoeB00004346-RA	94.0	82
1251252at2759	Duplicated	DkoeB00005595-RA	93.2	82
1257440at2759	Complete	DkoeB00000873-RA	171.5	122
1258856at2759	Complete	DkoeB00004479-RA	524.7	588
1259741at2759	Complete	DkoeB00000189-RA	393.7	215
1260807at2759	Fragmented	DkoeB00008045-RA	32.9	119
1264469at2759	Complete	DkoeB00001930-RA	173.4	152
1266231at2759	Complete	DkoeB00000153-RA	282.7	188
1269244at2759	Complete	DkoeB00005164-RA	72.7	154
1269649at2759	Complete	DkoeB00011410-RA	279.8	166
1275837at2759	Complete	DkoeB00011580-RA	406.8	243
1284731at2759	Complete	DkoeB00003860-RA	99.4	115
1287094at2759	Complete	DkoeB00012423-RA	161.9	145
1287401at2759	Missing
1291729at2759	Complete	DkoeB00000129-RA	63.5	105
1304061at2759	Complete	DkoeB00011439-RA	177.8	152
1309031at2759	Complete	DkoeB00000462-RA	308.5	330
1312453at2759	Complete	DkoeB00004722-RA	638.2	692
1314980at2759	Complete	DkoeB00005352-RA	545.8	509
1322299at2759	Complete	DkoeB00009302-RA	388.0	377
1322642at2759	Complete	DkoeB00003986-RA	184.3	157
1323575at2759	Duplicated	DkoeB00000489-RA	169.3	113
1323575at2759	Duplicated	DkoeB00001283-RA	157.8	112
1324510at2759	Complete	DkoeB00012257-RA	295.4	287
1338131at2759	Complete	DkoeB00003778-RA	255.3	140
1339553at2759	Complete	DkoeB00008745-RA	232.0	267
1342242at2759	Complete	DkoeB00004611-RA	175.4	182
1346165at2759	Complete	DkoeB00001827-RA	330.6	299
1346432at2759	Complete	DkoeB00000400-RA	109.5	177
1348942at2759	Complete	DkoeB00008870-RA	121.8	162
1355894at2759	Complete	DkoeB00011282-RA	207.8	141
1358374at2759	Complete	DkoeB00006585-RA	269.2	203
1364586at2759	Complete	DkoeB00003861-RA	111.6	156
1370285at2759	Complete	DkoeB00007219-RA	395.1	413
1370304at2759	Complete	DkoeB00007344-RA	297.5	511
1377237at2759	Complete	DkoeB00011421-RA	145.9	138
1379600at2759	Complete	DkoeB00003081-RA	452.5	503
1380409at2759	Missing
1382842at2759	Complete	DkoeB00003079-RA	128.6	120
1395649at2759	Fragmented	DkoeB00009658-RA	13.5	59
1398309at2759	Complete	DkoeB00011849-RA	84.3	107
1404162at2759	Complete	DkoeB00010868-RA	201.9	190
1405073at2759	Complete	DkoeB00008289-RA	224.5	158
1405146at2759	Complete	DkoeB00010714-RA	133.1	135
1407446at2759	Complete	DkoeB00007129-RA	62.7	102
1421503at2759	Complete	DkoeB00008491-RA	198.1	111
1423847at2759	Complete	DkoeB00012592-RA	257.7	277
1426075at2759	Complete	DkoeB00001245-RA	102.8	96
1428265at2759	Complete	DkoeB00002068-RA	199.7	213
1428854at2759	Complete	DkoeB00011209-RA	447.1	530
1430056at2759	Complete	DkoeB00009418-RA	111.6	133
1432328at2759	Complete	DkoeB00012886-RA	272.0	170
1434266at2759	Complete	DkoeB00005724-RA	129.7	134
1440961at2759	Complete	DkoeB00007981-RA	84.2	175
1441854at2759	Missing
1442062at2759	Complete	DkoeB00007647-RA	46.8	156
1445102at2759	Complete	DkoeB00008797-RA	289.4	191
1450538at2759	Complete	DkoeB00001399-RA	175.2	155
1454155at2759	Missing
1455730at2759	Complete	DkoeB00012801-RA	463.5	353
1459797at2759	Complete	DkoeB00002638-RA	67.4	96
1474000at2759	Complete	DkoeB00008660-RA	111.9	166
1479417at2759	Complete	DkoeB00011283-RA	300.9	176
1488235at2759	Complete	DkoeB00007104-RA	167.4	139
1488436at2759	Complete	DkoeB00007804-RA	125.7	62
1490022at2759	Complete	DkoeB00000790-RA	220.8	168
1504863at2759	Complete	DkoeB00003810-RA	176.9	147
1513531at2759	Complete	DkoeB00010577-RA	285.3	206
1525971at2759	Complete	DkoeB00001958-RA	107.7	79
1526152at2759	Complete	DkoeB00012410-RA	106.8	85
1530008at2759	Complete	DkoeB00012744-RA	122.2	88
1538526at2759	Complete	DkoeB00009818-RA	134.4	104
1545004at2759	Complete	DkoeB00001752-RA	111.4	72
1552706at2759	Complete	DkoeB00002087-RA	104.9	92
1558822at2759	Complete	DkoeB00001628-RA	118.5	66
1563319at2759	Complete	DkoeB00004466-RA	115.6	136
1567796at2759	Complete	DkoeB00005848-RA	145.0	132
1575179at2759	Complete	DkoeB00003299-RA	49.0	57
1576404at2759	Complete	DkoeB00013496-RA	137.6	172
1588798at2759	Complete	DkoeB00003956-RA	111.5	97
1593937at2759	Missing
1617752at2759	Complete	DkoeB00007019-RA	139.5	93
1620056at2759	Complete	DkoeB00012433-RA	72.8	81
1623701at2759	Complete	DkoeB00002795-RA	133.0	90
1626636at2759	Complete	DkoeB00001433-RA	122.6	124
1633672at2759	Fragmented	DkoeB00005621-RA	117.8	68
1645187at2759	Complete	DkoeB00001579-RA	49.5	54
